{"cameraMode":{"drawMode":0,"name":"Shaded","section":"Shading Mode"},"sceneLighting":false,"audioPlay":false,"sceneViewState":{"showFog":true,"showMaterialUpdate":false,"showSkybox":false,"showFlares":true,"showImageEffects":true,"showParticleSystems":true},"in2DMode":false,"pivot":{"x":-124.51564025878906,"y":90.85933685302735,"z":-136.76748657226563},"rotation":{"x":0.10529248416423798,"y":-0.36392053961753847,"z":0.041445761919021609,"w":0.9245323538780212},"size":5.049752235412598,"orthographic":false}