{"cameraMode":{"drawMode":0,"name":"Shaded","section":"Shading Mode"},"sceneLighting":true,"audioPlay":false,"sceneViewState":{"showFog":true,"showMaterialUpdate":false,"showSkybox":true,"showFlares":true,"showImageEffects":true,"showParticleSystems":true},"in2DMode":false,"pivot":{"x":-12.708791732788086,"y":51.040870666503909,"z":28.926673889160158},"rotation":{"x":-0.30787399411201479,"y":0.06898902356624603,"z":-0.022405248135328294,"w":-0.9486702680587769},"size":63.73304748535156,"orthographic":false}