{"cameraMode":{"drawMode":0,"name":"Shaded","section":"Shading Mode"},"sceneLighting":true,"audioPlay":false,"sceneViewState":{"showFog":true,"showMaterialUpdate":false,"showSkybox":true,"showFlares":true,"showImageEffects":true,"showParticleSystems":true},"in2DMode":false,"pivot":{"x":884.8256225585938,"y":367.749267578125,"z":4.0628662109375},"rotation":{"x":-0.09465090930461884,"y":-0.018816739320755006,"z":0.0017898621736094356,"w":-0.9953334331512451},"size":647.5038452148438,"orthographic":false}